{
    "loss": 5.12115478515625,
    "accuracy": 0.5035971403121948
}